Element,Up_mass_kg,Down_mass_kg
Si,5.676854863,11.70557198
Ca,1.590526997,3.219280375
K,0.54354193,1.093029453
Na,1.410660704,3.550013892
Mg,0.559552208,1.109491176